room.name;room.longName;date;startTime;endTime;bookingId;bookingType;bookingFlag;user.name;replacedRoom.name;replacedRoom.longName;startDate;endDate;occurence;klassen;activityType.name;teachers
G202;202 [Ilg Markus];23.10.17;07:15;08:00;0;L;;;;;;;;LOGEBA17C;;cesi
G154;154 [HSA];23.10.17;07:15;08:00;0;L;;;;;;;;GEREEBA17A;;scan
G304;G304 BBZ im Bifang;23.10.17;07:15;08:00;0;L;;;;;;;;ALF15B;;scjo
G409;409 [Reto Cantamessi];23.10.17;07:15;08:00;0;L;;;;;;;;ZFI17A;;care
G310;G310;23.10.17;07:15;08:00;0;L;;;;;;;;BM2_GK17A;;mehe
G155;155 [SMG];23.10.17;07:15;08:00;0;L;;;;;;;;BEGE17A;;homa
G211;211 [Daniel Zenger];23.10.17;07:15;08:00;0;L;;;;;;;;LOG15A, LOG15B, LOG15C, LOG15D;;huer
G111;111 [Markus Zimmerli];23.10.17;07:15;08:00;0;L;;;;;;;;AUMA14A;;stma
G102;G102 BBZ im Bifang;23.10.17;07:15;08:00;0;L;;;;;;;;AO17C;;schjo
TH1;Turnhalle 1;23.10.17;07:15;08:00;0;L;;;;;;;;AGS16A;;gulu
GU79;Turnhalle 5;23.10.17;07:15;08:00;0;L;;;;;;;;KVE16B;;blfa
TH4;Turnhalle 4;23.10.17;07:15;08:00;0;L;;;;;;;;KVE17B;;bupa
K315;K315 (kbs);23.10.17;07:15;08:00;0;L;;;;;;;;KVE17A;;liba
G154;154 [HSA];23.10.17;07:15;08:00;0;L;;;;;;;;GEREEBA17A;;fest
G202;202 [Ilg Markus];23.10.17;07:15;08:00;0;L;;;;;;;;LOGEBA17C;;scbe
GE30/32;E30/32 [Theo/Küche];23.10.17;07:15;08:00;0;L;;;;;;;;HWP17C;;mumo
GE30/32;E30/32 [Theo/Küche];23.10.17;07:15;08:00;0;L;;;;;;;;HWP17C;;dili
B117;B117;23.10.17;07:20;08:20;0;L;;;;;;;;FABEK17B;;macl
G209;G209;23.10.17;08:00;08:50;10640;A;B;scbe;;;23.10.17;29.10.17;w;LOGEBA17C;Unterricht;scbe
BU133LTT;BU133LTT kleines Schulzimmer;23.10.17;08:00;08:50;0;L;;;;;;;;LTTP;;gaka
GE11;GE11 EBZ im Bifang;23.10.17;08:05;08:50;0;L;;;;;;;;BM2_GS17A;;tsga
G412;412 [IJ-BV];23.10.17;08:05;08:50;0;L;;;;;;;;IJBV17A;;zare
G111;111 [Markus Zimmerli];23.10.17;08:05;08:50;0;L;;;;;;;;AO17B;;stma
G501;501 [IJ-JF];23.10.17;08:05;08:50;0;L;;;;;;;;IJJF17A;;toer
GE24;E24 [BVJ];23.10.17;08:05;08:50;0;L;;;;;;;;IJJF17B;;hado
GE29;E29 [BM];23.10.17;08:05;08:50;0;L;;;;;;;;BM2_GS17B;;ruel
TH2;Turnhalle 2;23.10.17;08:05;08:50;0;L;;;;;;;;LOG17D;;habe
TH1;Turnhalle 1;23.10.17;08:05;08:50;0;L;;;;;;;;LOGEBA17B;;stfe
G157;157 [Thomas Kuhn];23.10.17;08:05;08:50;0;L;;;;;;;;GERE17A;;kuth
G154;154 [HSA];23.10.17;08:05;08:50;0;L;;;;;;;;GEREEBA17A;;fest
G212;212 [Marcel Egger];23.10.17;08:05;08:50;0;L;;;;;;;;GERE16B;;egma
G404;G404;23.10.17;08:05;08:50;0;L;;;;;;;;ALF15A;;buch
G106;106 [Alfred Meuter];23.10.17;08:05;08:50;0;L;;;;;;;;ALF17A;;giad
G311;G311 BBZ im Bifang;23.10.17;08:05;08:50;0;L;;;;;;;;MA16A;;mumo
G305;G305;23.10.17;08:05;08:50;0;L;;;;;;;;FOEV15A;;scpe
G304;G304 BBZ im Bifang;23.10.17;08:05;08:50;0;L;;;;;;;;ALF15B;;scjo
G302;302 [Lukas Schreiber];23.10.17;08:05;08:50;0;L;;;;;;;;AUMA14A;;sclu
G151;151 [Brändli Andreas];23.10.17;08:05;08:50;0;L;;;;;;;;BEGE15A;;faar
G409;409 [Reto Cantamessi];23.10.17;08:05;08:50;0;L;;;;;;;;ZFI17A;;care
G310;G310;23.10.17;08:05;08:50;0;L;;;;;;;;BM2_GK17A;;mehe
G503;503 [Zeichnen];23.10.17;08:05;08:50;0;L;;;;;;;;ZFA17A;;muhj
G202;202 [Ilg Markus];23.10.17;08:05;08:50;0;L;;;;;;;;LOGEBA17C;;scbe
GE21;E21 [Bellabarba Claudio];23.10.17;08:05;08:50;0;L;;;;;;;;BVJ17A;;becl
GE25;E25 [BVJ];23.10.17;08:05;08:50;0;L;;;;;;;;BVJ17B;;kuhr
GE23;E23 [BVJ];23.10.17;08:05;08:50;0;L;;;;;;;;BVJ17C;;mopr
GE27;E27 [Sylvia Sollberger];23.10.17;08:05;08:50;0;L;;;;;;;;BVJ17D;;sosy
G407;407 [Roland Nebel];23.10.17;08:05;08:50;0;L;;;;;;;;HUF16A, GLAS16A;;laech
G155;155 [SMG];23.10.17;08:05;08:50;0;L;;;;;;;;BEGE17A;;homa
G159;G159;23.10.17;08:05;08:50;0;L;;;;;;;;HUF17A;;hari
G211;211 [Daniel Zenger];23.10.17;08:05;08:50;0;L;;;;;;;;LOG15A, LOG15B, LOG15C, LOG15D;;huer
K313;K313 (kbs);23.10.17;08:05;08:50;0;L;;;;;;;;BM1_WI16B;;hian
K208;K 208 KBS;23.10.17;08:05;08:50;0;L;;;;;;;;BM1_WI16A;;puco
K210;K210 KBS;23.10.17;08:05;08:50;0;L;;;;;;;;KVE15A;;fama
K112;KBS Informatik;23.10.17;08:05;08:50;0;L;;;;;;;;KVB16A;;wita
TH3;Turnhalle 3;23.10.17;08:05;08:50;0;L;;;;;;;;AGS16A;;gulu
GU79;Turnhalle 5;23.10.17;08:05;08:50;0;L;;;;;;;;KVE16B;;blfa
TH4;Turnhalle 4;23.10.17;08:05;08:50;0;L;;;;;;;;KVE17B;;bupa
K201;K201;23.10.17;08:05;08:50;0;L;;;;;;;;KVE16A;;romi
K315;K315 (kbs);23.10.17;08:05;08:50;0;L;;;;;;;;KVE17A;;liba
G102;G102 BBZ im Bifang;23.10.17;08:05;08:50;0;L;;;;;;;;AO17C;;schjo
GE07;GE07 EBZ im Bifang;23.10.17;08:05;08:50;0;L;;;;;;;;FAGENHB17A;;rihe
GE18;GE18;23.10.17;08:05;08:50;0;L;;;;;;;;CBP17A;;huswi
GE10;GE10 EBZ im Bifang;23.10.17;08:05;08:50;0;L;;;;;;;;FAGENHB17B;;kuin
K018;K018 KBS;23.10.17;08:05;08:50;0;L;;;;;;;;DHFNHB17A;;woes
G402;402 [Matthias Meier];23.10.17;08:05;08:50;0;L;;;;;;;;ZFA17A;;mima
G113;G113;23.10.17;08:05;08:50;0;L;;;;;;;;GLAS17A;;mama
GE14;E14 [Benjamin Hofer];23.10.17;08:05;08:50;0;L;;;;;;;;COIFDIK_17;;boes
K314;K314;23.10.17;08:05;08:50;0;L;;;;;;;;ABRK-LM-VM;;frhe
K304;K304 (kbs);23.10.17;08:05;08:50;0;L;;;;;;;;ABRK-LS;;mean
K316;K316 (kbs);23.10.17;08:05;08:50;0;L;;;;;;;;BM2_DL17A;;scsa
GE30/32;E30/32 [Theo/Küche];23.10.17;08:05;08:50;0;L;;;;;;;;HWP17C;;dili
GE20;GE20;23.10.17;08:05;08:50;0;L;;;;;;;;BM2_TE17A;;
B023;B023;23.10.17;08:30;09:15;0;L;;;;;;;;FAGE17E;;arma
BU134;BU134;23.10.17;08:30;09:15;0;L;;;;;;;;FAGE16C;;itsi
BU140;BU140;23.10.17;08:30;09:15;0;L;;;;;;;;DA15A;;buis
B206;B206;23.10.17;08:30;09:15;0;L;;;;;;;;FABEK17A;;wyur
B117;B117;23.10.17;08:30;09:15;0;L;;;;;;;;FABEK17B;;macl
B026;B026;23.10.17;08:30;09:15;0;L;;;;;;;;FMG;;voan
B122;B122;23.10.17;08:30;09:15;0;L;;;;;;;;FMSA;;zico
B016;B016;23.10.17;08:30;09:15;0;L;;;;;;;;FAGE17B;;roema
B015;B015;23.10.17;08:30;09:15;0;L;;;;;;;;FAGE17A;;zico
BU137;BU137;23.10.17;08:30;09:15;0;L;;;;;;;;FAGE16D;;hura
GE11;GE11 EBZ im Bifang;23.10.17;08:55;09:40;0;L;;;;;;;;BM2_GS17A;;tsga
G412;412 [IJ-BV];23.10.17;08:55;09:40;0;L;;;;;;;;IJBV17A;;zare
GE01;GE01;23.10.17;08:55;09:40;0;L;;;;;;;;FOEV16A;;firo
G501;501 [IJ-JF];23.10.17;08:55;09:40;0;L;;;;;;;;IJJF17A;;toer
GE24;E24 [BVJ];23.10.17;08:55;09:40;0;L;;;;;;;;IJJF17B;;hado
GE29;E29 [BM];23.10.17;08:55;09:40;0;L;;;;;;;;BM2_GS17B;;ruel
TH2;Turnhalle 2;23.10.17;08:55;09:40;0;L;;;;;;;;ALF15A;;bupa
TH3;Turnhalle 3;23.10.17;08:55;09:40;0;L;;;;;;;;ALF17A;;stfe
G157;157 [Thomas Kuhn];23.10.17;08:55;09:40;0;L;;;;;;;;GERE17A;;kuth
G154;154 [HSA];23.10.17;08:55;09:40;0;L;;;;;;;;GEREEBA17A;;fest
G307;G307;23.10.17;08:55;09:40;0;L;;;;;;;;AO17B;;scan
G305;G305;23.10.17;08:55;09:40;0;L;;;;;;;;FOEV15A;;scpe
G212;212 [Marcel Egger];23.10.17;08:55;09:40;0;L;;;;;;;;GERE16B;;egma
G104;104 [Pius Schmid];23.10.17;08:55;09:40;0;L;;;;;;;;LOG17D;;hied
GE21;E21 [Bellabarba Claudio];23.10.17;08:55;09:40;0;L;;;;;;;;BVJ17A;;becl
GE25;E25 [BVJ];23.10.17;08:55;09:40;0;L;;;;;;;;BVJ17B;;kuhr
GE23;E23 [BVJ];23.10.17;08:55;09:40;0;L;;;;;;;;BVJ17C;;mopr
GE27;E27 [Sylvia Sollberger];23.10.17;08:55;09:40;0;L;;;;;;;;BVJ17D;;sosy
G311;G311 BBZ im Bifang;23.10.17;08:55;09:40;0;L;;;;;;;;MA16A;;mumo
G302;302 [Lukas Schreiber];23.10.17;08:55;09:40;0;L;;;;;;;;AUMA14A;;sclu
G151;151 [Brändli Andreas];23.10.17;08:55;09:40;0;L;;;;;;;;BEGE15A;;faar
GE20;GE20;23.10.17;08:55;09:40;0;L;;;;;;;;BM2_TE17A;;jowe
G409;409 [Reto Cantamessi];23.10.17;08:55;09:40;0;L;;;;;;;;ZFI17A;;care
G310;G310;23.10.17;08:55;09:40;0;L;;;;;;;;BM2_GK17A;;mehe
G503;503 [Zeichnen];23.10.17;08:55;09:40;0;L;;;;;;;;ZFA17A;;muhj
G202;202 [Ilg Markus];23.10.17;08:55;09:40;0;L;;;;;;;;LOGEBA17C;;scbe
TH1;Turnhalle 1;23.10.17;08:55;09:40;0;L;;;;;;;;HUF16A, GLAS16A;;pfma
G155;155 [SMG];23.10.17;08:55;09:40;0;L;;;;;;;;BEGE17A;;homa
G159;G159;23.10.17;08:55;09:40;0;L;;;;;;;;HUF17A;;hari
G111;111 [Markus Zimmerli];23.10.17;08:55;09:40;0;L;;;;;;;;AO17A;;stma
G214;G214 [Philipp Reber];23.10.17;08:55;09:40;0;L;;;;;;;;FOEV16C;;haas
G211;211 [Daniel Zenger];23.10.17;08:55;09:40;0;L;;;;;;;;LOG15A, LOG15B, LOG15C, LOG15D;;huer
K313;K313 (kbs);23.10.17;08:55;09:40;0;L;;;;;;;;BM1_WI16B;;hian
GE02;GE02;23.10.17;08:55;09:40;0;L;;;;;;;;BM2_WI17A;;nelu
K004;K004;23.10.17;08:55;09:40;0;L;;;;;;;;KVE16B;;lusa
K208;K 208 KBS;23.10.17;08:55;09:40;0;L;;;;;;;;BM1_WI16A;;puco
K210;K210 KBS;23.10.17;08:55;09:40;0;L;;;;;;;;KVE15A;;fama
K112;KBS Informatik;23.10.17;08:55;09:40;0;L;;;;;;;;KVB16A;;wita
K201;K201;23.10.17;08:55;09:40;0;L;;;;;;;;KVE16A;;romi
K315;K315 (kbs);23.10.17;08:55;09:40;0;L;;;;;;;;KVE17A;;liba
K301;K301 KBS;23.10.17;08:55;09:40;0;L;;;;;;;;KVE17B;;lasy
G207;207;23.10.17;08:55;09:40;0;L;;;;;;;;LOGEBA17B;;cesi
G102;G102 BBZ im Bifang;23.10.17;08:55;09:40;0;L;;;;;;;;AO17C;;schjo
G304;G304 BBZ im Bifang;23.10.17;08:55;09:40;0;L;;;;;;;;ALF15B;;scjo
GE07;GE07 EBZ im Bifang;23.10.17;08:55;09:40;0;L;;;;;;;;FAGENHB17A;;rihe
GE18;GE18;23.10.17;08:55;09:40;0;L;;;;;;;;CBP17A;;huswi
GE10;GE10 EBZ im Bifang;23.10.17;08:55;09:40;0;L;;;;;;;;FAGENHB17B;;kuin
K018;K018 KBS;23.10.17;08:55;09:40;0;L;;;;;;;;DHFNHB17A;;woes
G402;402 [Matthias Meier];23.10.17;08:55;09:40;0;L;;;;;;;;ZFA17A;;mima
G113;G113;23.10.17;08:55;09:40;0;L;;;;;;;;GLAS17A;;mama
GE14;E14 [Benjamin Hofer];23.10.17;08:55;09:40;0;L;;;;;;;;COIFDIK_17;;boes
K314;K314;23.10.17;08:55;09:40;0;L;;;;;;;;ABRK-LM-VM;;frhe
K304;K304 (kbs);23.10.17;08:55;09:40;0;L;;;;;;;;ABRK-LS;;mean
K316;K316 (kbs);23.10.17;08:55;09:40;0;L;;;;;;;;BM2_DL17A;;scsa
GE30/32;E30/32 [Theo/Küche];23.10.17;08:55;09:40;0;L;;;;;;;;HWP17C;;dili
K303;K303 (kbs kleiner Raum);23.10.17;08:55;10:45;10468;A;B;acsa;;;04.09.17;01.12.17;w;;Intern;stsa
Mediothek;Mediothek Bifang;23.10.17;09:00;09:40;10744;A;B;wbma;;;23.10.17;29.10.17;w;LOG17D;Intern;hied
B029;B029;23.10.17;09:00;09:50;0;L;;;;;;;;HFS17A;;Egger Iris
B021;B021;23.10.17;09:00;09:50;0;L;;;;;;;;HFS17B;;alcl
B002;B002;23.10.17;09:00;09:50;0;L;;;;;;;;HFP17A;;krni
B030;B030;23.10.17;09:00;09:50;0;L;;;;;;;;HFP17B;;Tov Eva
BU133LTT;BU133LTT kleines Schulzimmer;23.10.17;09:00;09:50;0;L;;;;;;;;LTTP;;gaka
G209;G209;23.10.17;09:00;10:30;10974;A;B;cesi;;;23.10.17;29.10.17;w;LOGEBA17B;Unterricht;cesi
B023;B023;23.10.17;09:20;10:05;0;L;;;;;;;;FAGE17E;;arma
BU134;BU134;23.10.17;09:20;10:05;0;L;;;;;;;;FAGE16C;;itsi
B118;B118;23.10.17;09:20;10:05;0;L;;;;;;;;AGS16A;;wure
BU139;BU139;23.10.17;09:20;10:05;0;L;;;;;;;;DA17A;;dibi
B123;B123;23.10.17;09:20;10:05;0;L;;;;;;;;FABEB17A;;faur
B206;B206;23.10.17;09:20;10:05;0;L;;;;;;;;FABEK17A;;wyur
B117;B117;23.10.17;09:20;10:05;0;L;;;;;;;;FABEK17B;;macl
B026;B026;23.10.17;09:20;10:05;0;L;;;;;;;;FMG;;voan
B122;B122;23.10.17;09:20;10:05;0;L;;;;;;;;FMSA;;zico
B016;B016;23.10.17;09:20;10:05;0;L;;;;;;;;FAGE17B;;roema
B015;B015;23.10.17;09:20;10:05;0;L;;;;;;;;FAGE17A;;zico
BU137;BU137;23.10.17;09:20;10:05;0;L;;;;;;;;FAGE16D;;hura
BU140;BU140;23.10.17;09:20;10:05;0;L;;;;;;;;DA15A;;buis
B029;B029;23.10.17;09:50;10:40;0;L;;;;;;;;HFS17A;;Egger Iris
B021;B021;23.10.17;09:50;10:40;0;L;;;;;;;;HFS17B;;alcl
B002;B002;23.10.17;09:50;10:40;0;L;;;;;;;;HFP17A;;krni
B030;B030;23.10.17;09:50;10:40;0;L;;;;;;;;HFP17B;;Tov Eva
BU133LTT;BU133LTT kleines Schulzimmer;23.10.17;09:50;10:40;0;L;;;;;;;;LTTP;;gaka
G302;302 [Lukas Schreiber];23.10.17;10:00;10:45;0;L;;;;;;;;AUMA14A;;sclu
GE11;GE11 EBZ im Bifang;23.10.17;10:00;10:45;0;L;;;;;;;;BM2_GK17A;;tsga
GE24;E24 [BVJ];23.10.17;10:00;10:45;0;L;;;;;;;;IJJF17B;;becl
G501;501 [IJ-JF];23.10.17;10:00;10:45;0;L;;;;;;;;IJJF17A;;bran
G205;G205;23.10.17;10:00;10:45;0;L;;;;;;;;BM2_GS17B;;mumn
G412;412 [IJ-BV];23.10.17;10:00;10:45;0;L;;;;;;;;IJBV17A;;vota
TH4;Turnhalle 4;23.10.17;10:00;10:45;0;L;;;;;;;;GERE16B;;gulu
TH2;Turnhalle 2;23.10.17;10:00;10:45;0;L;;;;;;;;BVJ17A, BVJ17B;;pfma
TH1;Turnhalle 1;23.10.17;10:00;10:45;0;L;;;;;;;;BVJ17C, BVJ17D;;blfa
TH3;Turnhalle 3;23.10.17;10:00;10:45;0;L;;;;;;;;MA16A;;bupa
G157;157 [Thomas Kuhn];23.10.17;10:00;10:45;0;L;;;;;;;;GERE17A;;kuth
G154;154 [HSA];23.10.17;10:00;10:45;0;L;;;;;;;;GEREEBA17A;;fest
G104;104 [Pius Schmid];23.10.17;10:00;10:45;0;L;;;;;;;;LOG17D;;hied
G404;G404;23.10.17;10:00;10:45;0;L;;;;;;;;ALF15A;;buch
G106;106 [Alfred Meuter];23.10.17;10:00;10:45;0;L;;;;;;;;ALF17A;;giad
G307;G307;23.10.17;10:00;10:45;0;L;;;;;;;;AO17B;;scan
G207;207;23.10.17;10:00;10:45;0;L;;;;;;;;LOGEBA17B;;cesi
G151;151 [Brändli Andreas];23.10.17;10:00;10:45;0;L;;;;;;;;BEGE15A;;faar
GE20;GE20;23.10.17;10:00;10:45;0;L;;;;;;;;BM2_TE17A;;jowe
G310;G310;23.10.17;10:00;10:45;0;L;;;;;;;;BM2_GS17A;;mehe
G409;409 [Reto Cantamessi];23.10.17;10:00;10:45;0;L;;;;;;;;ZFI17A;;care
G402;402 [Matthias Meier];23.10.17;10:00;10:45;0;L;;;;;;;;ZFA17A;;mima
G202;202 [Ilg Markus];23.10.17;10:00;10:45;0;L;;;;;;;;LOGEBA17C;;scbe
G407;407 [Roland Nebel];23.10.17;10:00;10:45;0;L;;;;;;;;HUF16A, GLAS16A;;laech
G159;G159;23.10.17;10:00;10:45;0;L;;;;;;;;HUF17A;;hari
G155;155 [SMG];23.10.17;10:00;10:45;0;L;;;;;;;;BEGE17A;;homa
G214;G214 [Philipp Reber];23.10.17;10:00;10:45;0;L;;;;;;;;FOEV16C;;haas
G305;G305;23.10.17;10:00;10:45;0;L;;;;;;;;FOEV15A;;scpe
G211;211 [Daniel Zenger];23.10.17;10:00;10:45;0;L;;;;;;;;LOG15A, LOG15B, LOG15C, LOG15D;;huer
G111;111 [Markus Zimmerli];23.10.17;10:00;10:45;0;L;;;;;;;;AO17C;;stma
GE02;GE02;23.10.17;10:00;10:45;0;L;;;;;;;;BM2_WI17A;;nelu
K313;K313 (kbs);23.10.17;10:00;10:45;0;L;;;;;;;;KVE16A;;hian
K004;K004;23.10.17;10:00;10:45;0;L;;;;;;;;KVE16B;;lusa
K208;K 208 KBS;23.10.17;10:00;10:45;0;L;;;;;;;;BM1_WI16B;;puco
K213;K213 (kbs);23.10.17;10:00;10:45;0;L;;;;;;;;KVE17A;;wead
K315;K315 (kbs);23.10.17;10:00;10:45;0;L;;;;;;;;BM1_WI16A;;liba
K203;K203 (kbs);23.10.17;10:00;10:45;0;L;;;;;;;;KVE15A;;fisi
K301;K301 KBS;23.10.17;10:00;10:45;0;L;;;;;;;;KVE17B;;lasy
K112;KBS Informatik;23.10.17;10:00;10:45;0;L;;;;;;;;KVB16A;;wita
G102;G102 BBZ im Bifang;23.10.17;10:00;10:45;0;L;;;;;;;;AO17A;;schjo
G304;G304 BBZ im Bifang;23.10.17;10:00;10:45;0;L;;;;;;;;ALF15B;;scjo
GE01;GE01;23.10.17;10:00;10:45;0;L;;;;;;;;FOEV16A;;firo
GE07;GE07 EBZ im Bifang;23.10.17;10:00;10:45;0;L;;;;;;;;FAGENHB17A;;rihe
GE18;GE18;23.10.17;10:00;10:45;0;L;;;;;;;;CBP17A;;huswi
GE10;GE10 EBZ im Bifang;23.10.17;10:00;10:45;0;L;;;;;;;;FAGENHB17B;;kuin
K018;K018 KBS;23.10.17;10:00;10:45;0;L;;;;;;;;DHFNHB17A;;toer
G503;503 [Zeichnen];23.10.17;10:00;10:45;0;L;;;;;;;;ZFA17A;;muhj
G113;G113;23.10.17;10:00;10:45;0;L;;;;;;;;GLAS17A;;mama
GE14;E14 [Benjamin Hofer];23.10.17;10:00;10:45;0;L;;;;;;;;COIFDIK_17;;boes
K314;K314;23.10.17;10:00;10:45;0;L;;;;;;;;ABRK-LM-VM;;frhe
K304;K304 (kbs);23.10.17;10:00;10:45;0;L;;;;;;;;ABRK-LS;;mean
K316;K316 (kbs);23.10.17;10:00;10:45;0;L;;;;;;;;BM2_DL17A;;scsa
GE30/32;E30/32 [Theo/Küche];23.10.17;10:00;10:45;0;L;;;;;;;;HWP17C;;dili
B023;B023;23.10.17;10:25;11:10;0;L;;;;;;;;FAGE17E;;arma
BU134;BU134;23.10.17;10:25;11:10;0;L;;;;;;;;FAGE16C;;itsi
B118;B118;23.10.17;10:25;11:10;0;L;;;;;;;;AGS16A;;wure
BU139;BU139;23.10.17;10:25;11:10;0;L;;;;;;;;DA17A;;dibi
B206;B206;23.10.17;10:25;11:10;0;L;;;;;;;;FABEK17A;;wyur
B123;B123;23.10.17;10:25;11:10;0;L;;;;;;;;FABEB17A;;faur
B117;B117;23.10.17;10:25;11:10;0;L;;;;;;;;FABEK17B;;macl
B026;B026;23.10.17;10:25;11:10;0;L;;;;;;;;FMG;;voan
B122;B122;23.10.17;10:25;11:10;0;L;;;;;;;;FMSA;;zico
BU140;BU140;23.10.17;10:25;11:10;0;L;;;;;;;;DA15A;;dibi
B016;B016;23.10.17;10:25;11:10;0;L;;;;;;;;FAGE17B;;roema
B015;B015;23.10.17;10:25;11:10;0;L;;;;;;;;FAGE17A;;zico
BU137;BU137;23.10.17;10:25;11:10;0;L;;;;;;;;FAGE16D;;hura
GE11;GE11 EBZ im Bifang;23.10.17;10:50;11:35;0;L;;;;;;;;BM2_GK17A;;tsga
GE24;E24 [BVJ];23.10.17;10:50;11:35;0;L;;;;;;;;IJJF17B;;becl
G501;501 [IJ-JF];23.10.17;10:50;11:35;0;L;;;;;;;;IJJF17A;;bran
G304;G304 BBZ im Bifang;23.10.17;10:50;11:35;0;L;;;;;;;;ALF15B;;scjo
G205;G205;23.10.17;10:50;11:35;0;L;;;;;;;;BM2_GS17B;;mumn
G412;412 [IJ-BV];23.10.17;10:50;11:35;0;L;;;;;;;;IJBV17A;;vota
TH2;Turnhalle 2;23.10.17;10:50;11:35;0;L;;;;;;;;BVJ17A, BVJ17B;;pfma
TH1;Turnhalle 1;23.10.17;10:50;11:35;0;L;;;;;;;;BVJ17C, BVJ17D;;blfa
G157;157 [Thomas Kuhn];23.10.17;10:50;11:35;0;L;;;;;;;;GERE17A;;kuth
G154;154 [HSA];23.10.17;10:50;11:35;0;L;;;;;;;;GEREEBA17A;;fest
G404;G404;23.10.17;10:50;11:35;0;L;;;;;;;;ALF15A;;buch
G106;106 [Alfred Meuter];23.10.17;10:50;11:35;0;L;;;;;;;;ALF17A;;giad
G307;G307;23.10.17;10:50;11:35;0;L;;;;;;;;AO17B;;scan
G212;212 [Marcel Egger];23.10.17;10:50;11:35;0;L;;;;;;;;GERE16B;;egma
G104;104 [Pius Schmid];23.10.17;10:50;11:35;0;L;;;;;;;;LOG17D;;hied
G311;G311 BBZ im Bifang;23.10.17;10:50;11:35;0;L;;;;;;;;MA16A;;mumo
G302;302 [Lukas Schreiber];23.10.17;10:50;11:35;0;L;;;;;;;;AUMA14A;;sclu
G151;151 [Brändli Andreas];23.10.17;10:50;11:35;0;L;;;;;;;;BEGE15A;;faar
GE20;GE20;23.10.17;10:50;11:35;0;L;;;;;;;;BM2_TE17A;;jowe
G310;G310;23.10.17;10:50;11:35;0;L;;;;;;;;BM2_GS17A;;mehe
G409;409 [Reto Cantamessi];23.10.17;10:50;11:35;0;L;;;;;;;;ZFI17A;;care
G402;402 [Matthias Meier];23.10.17;10:50;11:35;0;L;;;;;;;;ZFA17A;;mima
G202;202 [Ilg Markus];23.10.17;10:50;11:35;0;L;;;;;;;;LOGEBA17C;;scbe
G407;407 [Roland Nebel];23.10.17;10:50;11:35;0;L;;;;;;;;HUF16A, GLAS16A;;laech
G155;155 [SMG];23.10.17;10:50;11:35;0;L;;;;;;;;BEGE17A;;homa
G159;G159;23.10.17;10:50;11:35;0;L;;;;;;;;HUF17A;;hari
G411;411 [Bauberufe];23.10.17;10:50;11:35;0;L;;;;;;;;FOEV15A;;stma
G214;G214 [Philipp Reber];23.10.17;10:50;11:35;0;L;;;;;;;;FOEV16C;;haas
G211;211 [Daniel Zenger];23.10.17;10:50;11:35;0;L;;;;;;;;LOG15A, LOG15B, LOG15C, LOG15D;;huer
GE02;GE02;23.10.17;10:50;11:35;0;L;;;;;;;;BM2_WI17A;;nelu
K004;K004;23.10.17;10:50;11:35;0;L;;;;;;;;KVE16B;;lusa
K215;K215 KBS;23.10.17;10:50;11:35;0;L;;;;;;;;KVB16A;;wiur
K214;K214;23.10.17;10:50;11:35;0;L;;;;;;;;BM2_DL17A;;baga
K208;K 208 KBS;23.10.17;10:50;11:35;0;L;;;;;;;;BM1_WI16B;;puco
K213;K213 (kbs);23.10.17;10:50;11:35;0;L;;;;;;;;KVE17A;;wead
TH4;Turnhalle 4;23.10.17;10:50;11:35;0;L;;;;;;;;KVE16A;;habe
K315;K315 (kbs);23.10.17;10:50;11:35;0;L;;;;;;;;BM1_WI16A;;liba
K203;K203 (kbs);23.10.17;10:50;11:35;0;L;;;;;;;;KVE15A;;fisi
K301;K301 KBS;23.10.17;10:50;11:35;0;L;;;;;;;;KVE17B;;lasy
G102;G102 BBZ im Bifang;23.10.17;10:50;11:35;0;L;;;;;;;;AO17A;;schjo
G207;207;23.10.17;10:50;11:35;0;L;;;;;;;;LOGEBA17B;;cesi
GE01;GE01;23.10.17;10:50;11:35;0;L;;;;;;;;FOEV16A;;firo
TH3;Turnhalle 3;23.10.17;10:50;11:35;0;L;;;;;;;;AO17C;;gulu
GE07;GE07 EBZ im Bifang;23.10.17;10:50;11:35;0;L;;;;;;;;FAGENHB17A;;rihe
GE18;GE18;23.10.17;10:50;11:35;0;L;;;;;;;;CBP17A;;huswi
GE10;GE10 EBZ im Bifang;23.10.17;10:50;11:35;0;L;;;;;;;;FAGENHB17B;;kuin
K018;K018 KBS;23.10.17;10:50;11:35;0;L;;;;;;;;DHFNHB17A;;toer
G503;503 [Zeichnen];23.10.17;10:50;11:35;0;L;;;;;;;;ZFA17A;;muhj
G113;G113;23.10.17;10:50;11:35;0;L;;;;;;;;GLAS17A;;mama
GE14;E14 [Benjamin Hofer];23.10.17;10:50;11:35;0;L;;;;;;;;COIFDIK_17;;boes
K314;K314;23.10.17;10:50;11:35;0;L;;;;;;;;ABRK-LM-VM;;frhe
K304;K304 (kbs);23.10.17;10:50;11:35;0;L;;;;;;;;ABRK-LS;;mean
GE30/32;E30/32 [Theo/Küche];23.10.17;10:50;11:35;0;L;;;;;;;;HWP17C;;dili
B029;B029;23.10.17;11:00;11:50;0;L;;;;;;;;HFS17A;;Egger Iris
B021;B021;23.10.17;11:00;11:50;0;L;;;;;;;;HFS17B;;alcl
B002;B002;23.10.17;11:00;11:50;0;L;;;;;;;;HFP17A;;krni
B030;B030;23.10.17;11:00;11:50;0;L;;;;;;;;HFP17B;;Tov Eva
BU133LTT;BU133LTT kleines Schulzimmer;23.10.17;11:00;11:50;0;L;;;;;;;;LTTP;;gaka
BU110;BU110;23.10.17;11:15;12:00;0;L;;;;;;;;AGS16A;;wure
BU139;BU139;23.10.17;11:15;12:00;0;L;;;;;;;;DA17A;;dibi
B123;B123;23.10.17;11:15;12:00;0;L;;;;;;;;FABEB17A;;faur
B026;B026;23.10.17;11:15;12:00;0;L;;;;;;;;FMG;;voan
B122;B122;23.10.17;11:15;12:00;0;L;;;;;;;;FMSA;;zico
BU140;BU140;23.10.17;11:15;12:00;0;L;;;;;;;;DA15A;;dibi
B023;B023;23.10.17;11:15;12:00;0;L;;;;;;;;FAGE17E;;mede
B016;B016;23.10.17;11:15;12:00;0;L;;;;;;;;FAGE17B;;roema
B015;B015;23.10.17;11:15;12:00;0;L;;;;;;;;FAGE17A;;zico
BU134;BU134;23.10.17;11:15;12:00;0;L;;;;;;;;FAGE16C;;kusa
BU137;BU137;23.10.17;11:15;12:00;0;L;;;;;;;;FAGE16D;;hura
G411;411 [Bauberufe];23.10.17;11:40;12:25;0;L;;;;;;;;FOEV16A;;stma
G205;G205;23.10.17;11:40;12:25;0;L;;;;;;;;BM2_GS17B;;mumn
G157;157 [Thomas Kuhn];23.10.17;11:40;12:25;0;L;;;;;;;;GERE17A;;kuth
G310;G310;23.10.17;11:40;12:25;0;L;;;;;;;;BM2_GS17A;;mehe
G159;G159;23.10.17;11:40;12:25;0;L;;;;;;;;HUF17A;;hari
G102;G102 BBZ im Bifang;23.10.17;11:40;12:25;0;L;;;;;;;;AO17A;;schjo
K214;K214;23.10.17;11:40;12:25;0;L;;;;;;;;BM2_DL17A;;baga
TH3;Turnhalle 3;23.10.17;11:40;12:25;0;L;;;;;;;;FABEK17B;;gulu
TH4;Turnhalle 4;23.10.17;11:40;12:25;0;L;;;;;;;;KVE15A;;blfa
GU79;Turnhalle 5;23.10.17;11:40;12:25;0;L;;;;;;;;KVE16A;;habe
TH2;Turnhalle 2;23.10.17;11:40;12:25;0;L;;;;;;;;FABEK17A;;stfe
G113;G113;23.10.17;11:40;12:25;0;L;;;;;;;;GLAS17A;;mama
GE07;GE07 EBZ im Bifang;23.10.17;11:40;12:25;0;L;;;;;;;;FAGENHB17A;;kuin
GE10;GE10 EBZ im Bifang;23.10.17;11:40;12:25;0;L;;;;;;;;FAGENHB17B;;rihe
B123;B123;23.10.17;12:05;12:50;0;L;;;;;;;;FABEB17A;;faur
GE21;E21 [Bellabarba Claudio];23.10.17;12:50;13:35;0;L;;;;;;;;BVJ17A;;becl
GE25;E25 [BVJ];23.10.17;12:50;13:35;0;L;;;;;;;;BVJ17B;;kuhr
GE23;E23 [BVJ];23.10.17;12:50;13:35;0;L;;;;;;;;BVJ17C;;mopr
GE27;E27 [Sylvia Sollberger];23.10.17;12:50;13:35;0;L;;;;;;;;BVJ17D;;sosy
G106;106 [Alfred Meuter];23.10.17;12:50;13:35;0;L;;;;;;;;BM2_GK17A;;meal
GE01;GE01;23.10.17;12:50;13:35;0;L;;;;;;;;FOEV15A;;firo
GE20;GE20;23.10.17;12:50;13:35;0;L;;;;;;;;BM2_TE17A;;ruel
GE29;E29 [BM];23.10.17;12:50;13:35;0;L;;;;;;;;BM2_TE17A;;ruel
TH4;Turnhalle 4;23.10.17;12:50;13:35;0;L;;;;;;;;AO17B;;seni
TH1;Turnhalle 1;23.10.17;12:50;13:35;0;L;;;;;;;;ALF15B;;gulu
TH3;Turnhalle 3;23.10.17;12:50;13:35;0;L;;;;;;;;ZFI17A;;stfe
G501;501 [IJ-JF];23.10.17;12:50;13:35;0;L;;;;;;;;IJJF17A;;homa
G157;157 [Thomas Kuhn];23.10.17;12:50;13:35;0;L;;;;;;;;GERE16B;;fest
G207;207;23.10.17;12:50;13:35;0;L;;;;;;;;LOGEBA17C;;cesi
G307;G307;23.10.17;12:50;13:35;0;L;;;;;;;;GEREEBA17A;;scan
G302;302 [Lukas Schreiber];23.10.17;12:50;13:35;0;L;;;;;;;;ALF15A;;scjo
G402;402 [Matthias Meier];23.10.17;12:50;13:35;0;L;;;;;;;;ZFA17A;;mima
G053;G053 [Gestalten];23.10.17;12:50;13:35;0;L;;;;;;;;BEGE15A;;brth
G202;202 [Ilg Markus];23.10.17;12:50;13:35;0;L;;;;;;;;LOGEBA17B;;scbe
G311;G311 BBZ im Bifang;23.10.17;12:50;13:35;0;L;;;;;;;;IJBV17B;;zare
G411;411 [Bauberufe];23.10.17;12:50;13:35;0;L;;;;;;;;FOEV16C;;stma
TH2;Turnhalle 2;23.10.17;12:50;13:35;0;L;;;;;;;;AUMA14A;;bupa
BU140;BU140;23.10.17;12:50;13:35;0;L;;;;;;;;DA15A;;dibi
BU139;BU139;23.10.17;12:50;13:35;0;L;;;;;;;;DA17A;;magi
B122;B122;23.10.17;12:50;13:35;0;L;;;;;;;;FMSA;;zico
G204;204 [Markus Lüscher];23.10.17;12:50;13:35;0;L;;;;;;;;LOG17D;;webe
B026;B026;23.10.17;12:50;13:35;0;L;;;;;;;;FMG;;voan
K313;K313 (kbs);23.10.17;12:50;13:35;0;L;;;;;;;;KVE17A;;hian
K016;K016 KBS;23.10.17;12:50;13:35;0;L;;;;;;;;BM1_WI16B;;hech
K210;K210 KBS;23.10.17;12:50;13:35;0;L;;;;;;;;KVB16A;;fama
K213;K213 (kbs);23.10.17;12:50;13:35;0;L;;;;;;;;BM1_WI16A;;wead
K101;K101;23.10.17;12:50;13:35;0;L;;;;;;;;BM2_WI17A;;hach
K203;K203 (kbs);23.10.17;12:50;13:35;0;L;;;;;;;;KVE16B;;fisi
K212;K212;23.10.17;12:50;13:35;0;L;;;;;;;;KVE17B;;rumo
G405;405 [Christoph Ambühl];23.10.17;12:50;13:35;0;L;;;;;;;;AO17C;;zesi
B023;B023;23.10.17;12:50;13:35;0;L;;;;;;;;FAGE17E;;mede
B016;B016;23.10.17;12:50;13:35;0;L;;;;;;;;FAGE17B;;roema
BU134;BU134;23.10.17;12:50;13:35;0;L;;;;;;;;FAGE16C;;kusa
BU137;BU137;23.10.17;12:50;13:35;0;L;;;;;;;;FAGE16D;;hura
B015;B015;23.10.17;12:50;13:35;0;L;;;;;;;;FAGE17A;;baha
G304;G304 BBZ im Bifang;23.10.17;12:50;13:35;0;L;;;;;;;;ALF17A;;bocr
G211;211 [Daniel Zenger];23.10.17;12:50;13:35;0;L;;;;;;;;LOG16A, LOG16B, LOG16C, LOG16D, LOG16E;;huer
GE07;GE07 EBZ im Bifang;23.10.17;12:50;13:35;0;L;;;;;;;;FAGENHB17A;;kuin
GE18;GE18;23.10.17;12:50;13:35;0;L;;;;;;;;CBP17A;;huswi
GE10;GE10 EBZ im Bifang;23.10.17;12:50;13:35;0;L;;;;;;;;FAGENHB17B;;rihe
G151;151 [Brändli Andreas];23.10.17;12:50;13:35;0;L;;;;;;;;MA16A;;bran
GE14;E14 [Benjamin Hofer];23.10.17;12:50;13:35;0;L;;;;;;;;COIFDIK_17;;boes
BU110;BU110;23.10.17;12:50;13:35;0;L;;;;;;;;AGS16A;;wure
BU110;BU110;23.10.17;12:50;13:35;0;L;;;;;;;;AGS16A;;sefe
K303;K303 (kbs kleiner Raum);23.10.17;12:50;13:35;10469;A;B;acsa;;;04.09.17;01.12.17;w;;Intern;stsa
G412;412 [IJ-BV];23.10.17;12:50;13:35;0;L;;;;;;;;IJBV17A;;jumo
GE30/32;E30/32 [Theo/Küche];23.10.17;12:50;13:35;0;L;;;;;;;;HWP17C;;mumo
B029;B029;23.10.17;13:00;13:50;0;L;;;;;;;;HFS17A;;Egger Iris
B002;B002;23.10.17;13:00;13:50;0;L;;;;;;;;HFP17A;;krni
B021;B021;23.10.17;13:00;13:50;0;L;;;;;;;;HFS17B;;weer
B030;B030;23.10.17;13:00;13:50;0;L;;;;;;;;HFP17B;;Tov Eva
BU133LTT;BU133LTT kleines Schulzimmer;23.10.17;13:00;13:50;0;L;;;;;;;;LTTP;;gaka
G109;G109 GIBS im Bifang;23.10.17;13:00;14:25;10849;A;B;mumo;;;23.10.17;29.10.17;w;HWP17C;Unterricht;mumo
CBBZ;Cafeteria;23.10.17;13:00;17:00;10671;A;B;weco;;;23.10.17;29.10.17;w;;Extern;
GE21;E21 [Bellabarba Claudio];23.10.17;13:40;14:25;0;L;;;;;;;;BVJ17A;;becl
GE25;E25 [BVJ];23.10.17;13:40;14:25;0;L;;;;;;;;BVJ17B;;kuhr
GE23;E23 [BVJ];23.10.17;13:40;14:25;0;L;;;;;;;;BVJ17C;;mopr
GE27;E27 [Sylvia Sollberger];23.10.17;13:40;14:25;0;L;;;;;;;;BVJ17D;;sosy
G106;106 [Alfred Meuter];23.10.17;13:40;14:25;0;L;;;;;;;;BM2_GK17A;;meal
GE20;GE20;23.10.17;13:40;14:25;0;L;;;;;;;;BM2_TE17A;;ruel
GE29;E29 [BM];23.10.17;13:40;14:25;0;L;;;;;;;;BM2_TE17A;;ruel
TH1;Turnhalle 1;23.10.17;13:40;14:25;0;L;;;;;;;;AO17A;;gulu
G501;501 [IJ-JF];23.10.17;13:40;14:25;0;L;;;;;;;;IJJF17A;;homa
G157;157 [Thomas Kuhn];23.10.17;13:40;14:25;0;L;;;;;;;;GERE16B;;fest
G407;407 [Roland Nebel];23.10.17;13:40;14:25;0;L;;;;;;;;ALF15B;;laech
G307;G307;23.10.17;13:40;14:25;0;L;;;;;;;;GEREEBA17A;;scan
G214;G214 [Philipp Reber];23.10.17;13:40;14:25;0;L;;;;;;;;GERE17A;;reph
G207;207;23.10.17;13:40;14:25;0;L;;;;;;;;LOGEBA17C;;cesi
G302;302 [Lukas Schreiber];23.10.17;13:40;14:25;0;L;;;;;;;;ALF15A;;scjo
G102;G102 BBZ im Bifang;23.10.17;13:40;14:25;0;L;;;;;;;;AO17B;;schjo
G402;402 [Matthias Meier];23.10.17;13:40;14:25;0;L;;;;;;;;ZFA17A;;mima
G310;G310;23.10.17;13:40;14:25;0;L;;;;;;;;BM2_GS17B;;mehe
G053;G053 [Gestalten];23.10.17;13:40;14:25;0;L;;;;;;;;BEGE15A;;brth
G503;503 [Zeichnen];23.10.17;13:40;14:25;0;L;;;;;;;;ZFI17A;;muhj
G205;G205;23.10.17;13:40;14:25;0;L;;;;;;;;BM2_GS17A;;mema
G411;411 [Bauberufe];23.10.17;13:40;14:25;0;L;;;;;;;;FOEV16A;;roma
G202;202 [Ilg Markus];23.10.17;13:40;14:25;0;L;;;;;;;;LOGEBA17B;;scbe
G159;G159;23.10.17;13:40;14:25;0;L;;;;;;;;HUF16A;;hari
G311;G311 BBZ im Bifang;23.10.17;13:40;14:25;0;L;;;;;;;;IJBV17B;;zare
TH4;Turnhalle 4;23.10.17;13:40;14:25;0;L;;;;;;;;FOEV16C;;seni
BU140;BU140;23.10.17;13:40;14:25;0;L;;;;;;;;DA15A;;dibi
BU137;BU137;23.10.17;13:40;14:25;0;L;;;;;;;;FAGE16D;;toer
BU139;BU139;23.10.17;13:40;14:25;0;L;;;;;;;;DA17A;;magi
B016;B016;23.10.17;13:40;14:25;0;L;;;;;;;;FAGE17B;;arma
B122;B122;23.10.17;13:40;14:25;0;L;;;;;;;;FMSA;;zico
G204;204 [Markus Lüscher];23.10.17;13:40;14:25;0;L;;;;;;;;LOG17D;;webe
G212;212 [Marcel Egger];23.10.17;13:40;14:25;0;L;;;;;;;;AUMA14A;;egma
B117;B117;23.10.17;13:40;14:25;0;L;;;;;;;;FABEK17B;;wyur
B123;B123;23.10.17;13:40;14:25;0;L;;;;;;;;FABEB17A;;faur
B206;B206;23.10.17;13:40;14:25;0;L;;;;;;;;FABEK17A;;macl
B026;B026;23.10.17;13:40;14:25;0;L;;;;;;;;FMG;;voan
K313;K313 (kbs);23.10.17;13:40;14:25;0;L;;;;;;;;KVE17A;;hian
K208;K 208 KBS;23.10.17;13:40;14:25;0;L;;;;;;;;BM2_DL17A;;puco
K016;K016 KBS;23.10.17;13:40;14:25;0;L;;;;;;;;BM1_WI16B;;hech
K210;K210 KBS;23.10.17;13:40;14:25;0;L;;;;;;;;KVB16A;;fama
K212;K212;23.10.17;13:40;14:25;0;L;;;;;;;;KVE17B;;rumo
K108;K108;23.10.17;13:40;14:25;0;L;;;;;;;;KVE15A;;hasi
K213;K213 (kbs);23.10.17;13:40;14:25;0;L;;;;;;;;BM1_WI16A;;wead
K101;K101;23.10.17;13:40;14:25;0;L;;;;;;;;BM2_WI17A;;hach
K201;K201;23.10.17;13:40;14:25;0;L;;;;;;;;KVE16A;;romi
K203;K203 (kbs);23.10.17;13:40;14:25;0;L;;;;;;;;KVE16B;;fisi
K314;K314;23.10.17;13:40;14:25;0;L;;;;;;;;ABRK-LM-NM;;frhe
K103;K103 (kbs);23.10.17;13:40;14:25;0;L;;;;;;;;DHF2;;amdi
K214;K214;23.10.17;13:40;14:25;0;L;;;;;;;;DHF3;;baga
G405;405 [Christoph Ambühl];23.10.17;13:40;14:25;0;L;;;;;;;;AO17C;;zesi
TH2;Turnhalle 2;23.10.17;13:40;14:25;0;L;;;;;;;;GLAS17A, HUF17A;;habe
B023;B023;23.10.17;13:40;14:25;0;L;;;;;;;;FAGE17E;;mede
BU134;BU134;23.10.17;13:40;14:25;0;L;;;;;;;;FAGE16C;;kusa
B015;B015;23.10.17;13:40;14:25;0;L;;;;;;;;FAGE17A;;baha
GE01;GE01;23.10.17;13:40;14:25;0;L;;;;;;;;FOEV15A;;firo
G304;G304 BBZ im Bifang;23.10.17;13:40;14:25;0;L;;;;;;;;ALF17A;;bocr
BU110;BU110;23.10.17;13:40;14:25;0;L;;;;;;;;AGS16A;;sefe
G211;211 [Daniel Zenger];23.10.17;13:40;14:25;0;L;;;;;;;;LOG16A, LOG16B, LOG16C, LOG16D, LOG16E;;huer
GE07;GE07 EBZ im Bifang;23.10.17;13:40;14:25;0;L;;;;;;;;FAGENHB17A;;kuin
GE18;GE18;23.10.17;13:40;14:25;0;L;;;;;;;;CBP17A;;huswi
GE10;GE10 EBZ im Bifang;23.10.17;13:40;14:25;0;L;;;;;;;;FAGENHB17B;;rihe
K018;K018 KBS;23.10.17;13:40;14:25;0;L;;;;;;;;DHFNHB17A;;buma
G151;151 [Brändli Andreas];23.10.17;13:40;14:25;0;L;;;;;;;;MA16A;;bran
G113;G113;23.10.17;13:40;14:25;0;L;;;;;;;;GLAS16A;;mama
GE14;E14 [Benjamin Hofer];23.10.17;13:40;14:25;0;L;;;;;;;;COIFDIK_17;;boes
G412;412 [IJ-BV];23.10.17;13:40;14:25;0;L;;;;;;;;IJBV17A;;jumo
GE30/32;E30/32 [Theo/Küche];23.10.17;13:40;14:25;0;L;;;;;;;;HWP17C;;mumo
G209;G209;23.10.17;13:40;16:20;9979;A;B;laech;;;23.10.17;15.11.17;w;ALF15B;Unterricht;
B029;B029;23.10.17;13:50;14:40;0;L;;;;;;;;HFS17A;;Egger Iris
B002;B002;23.10.17;13:50;14:40;0;L;;;;;;;;HFP17A;;krni
B021;B021;23.10.17;13:50;14:40;0;L;;;;;;;;HFS17B;;weer
B030;B030;23.10.17;13:50;14:40;0;L;;;;;;;;HFP17B;;Tov Eva
BU133LTT;BU133LTT kleines Schulzimmer;23.10.17;13:50;14:40;0;L;;;;;;;;LTTP;;gaka
K114;KBS Informatik;23.10.17;13:50;15:15;11062;A;B;romi;;;23.10.17;06.11.17;w;KVE16A;Unterricht;romi
GE25;E25 [BVJ];23.10.17;14:30;15:15;0;L;;;;;;;;BVJ17B;;kuhr
GE23;E23 [BVJ];23.10.17;14:30;15:15;0;L;;;;;;;;BVJ17C;;mopr
GE21;E21 [Bellabarba Claudio];23.10.17;14:30;15:15;0;L;;;;;;;;BVJ17A;;becl
GE27;E27 [Sylvia Sollberger];23.10.17;14:30;15:15;0;L;;;;;;;;BVJ17D;;sosy
G102;G102 BBZ im Bifang;23.10.17;14:30;15:15;0;L;;;;;;;;AO17B;;schjo
G106;106 [Alfred Meuter];23.10.17;14:30;15:15;0;L;;;;;;;;BM2_GK17A;;meal
GE20;GE20;23.10.17;14:30;15:15;0;L;;;;;;;;BM2_TE17A;;ruel
GE29;E29 [BM];23.10.17;14:30;15:15;0;L;;;;;;;;BM2_TE17A;;ruel
TH3;Turnhalle 3;23.10.17;14:30;15:15;0;L;;;;;;;;GERE17A;;stfe
TH1;Turnhalle 1;23.10.17;14:30;15:15;0;L;;;;;;;;FOEV16A;;bupa
G501;501 [IJ-JF];23.10.17;14:30;15:15;0;L;;;;;;;;IJJF17A;;homa
G157;157 [Thomas Kuhn];23.10.17;14:30;15:15;0;L;;;;;;;;GERE16B;;fest
G212;212 [Marcel Egger];23.10.17;14:30;15:15;0;L;;;;;;;;AUMA14A;;egma
GE02;GE02;23.10.17;14:30;15:15;0;L;;;;;;;;AO17A;;nelu
G407;407 [Roland Nebel];23.10.17;14:30;15:15;0;L;;;;;;;;ALF15B;;laech
G307;G307;23.10.17;14:30;15:15;0;L;;;;;;;;GEREEBA17A;;scan
G207;207;23.10.17;14:30;15:15;0;L;;;;;;;;LOGEBA17C;;cesi
G412;412 [IJ-BV];23.10.17;14:30;15:15;0;L;;;;;;;;IJBV17A;;jumo
G402;402 [Matthias Meier];23.10.17;14:30;15:15;0;L;;;;;;;;ZFA17A;;mima
G310;G310;23.10.17;14:30;15:15;0;L;;;;;;;;BM2_GS17B;;mehe
G053;G053 [Gestalten];23.10.17;14:30;15:15;0;L;;;;;;;;BEGE15A;;brth
G503;503 [Zeichnen];23.10.17;14:30;15:15;0;L;;;;;;;;ZFI17A;;muhj
G205;G205;23.10.17;14:30;15:15;0;L;;;;;;;;BM2_GS17A;;mema
G202;202 [Ilg Markus];23.10.17;14:30;15:15;0;L;;;;;;;;LOGEBA17B;;scbe
G159;G159;23.10.17;14:30;15:15;0;L;;;;;;;;HUF16A;;hari
G109;G109 GIBS im Bifang;23.10.17;14:30;15:15;0;L;;;;;;;;IJBV17B;;vota
G109;G109 GIBS im Bifang;23.10.17;14:30;15:15;0;L;;;;;;;;IJBV17B;;zare
G411;411 [Bauberufe];23.10.17;14:30;15:15;0;L;;;;;;;;FOEV16C;;roma
BU137;BU137;23.10.17;14:30;15:15;0;L;;;;;;;;FAGE16D;;toer
BU140;BU140;23.10.17;14:30;15:15;0;L;;;;;;;;DA15A;;dibi
B016;B016;23.10.17;14:30;15:15;0;L;;;;;;;;FAGE17B;;arma
B122;B122;23.10.17;14:30;15:15;0;L;;;;;;;;FMSA;;zico
G204;204 [Markus Lüscher];23.10.17;14:30;15:15;0;L;;;;;;;;LOG17D;;webe
B117;B117;23.10.17;14:30;15:15;0;L;;;;;;;;FABEK17B;;wyur
B123;B123;23.10.17;14:30;15:15;0;L;;;;;;;;FABEB17A;;faur
B206;B206;23.10.17;14:30;15:15;0;L;;;;;;;;FABEK17A;;macl
B026;B026;23.10.17;14:30;15:15;0;L;;;;;;;;FMG;;voan
K208;K 208 KBS;23.10.17;14:30;15:15;0;L;;;;;;;;BM2_DL17A;;puco
K213;K213 (kbs);23.10.17;14:30;15:15;0;L;;;;;;;;BM2_WI17A;;wead
K210;K210 KBS;23.10.17;14:30;15:15;0;L;;;;;;;;KVB16A;;fama
K212;K212;23.10.17;14:30;15:15;0;L;;;;;;;;KVE17B;;rumo
K108;K108;23.10.17;14:30;15:15;0;L;;;;;;;;KVE15A;;hasi
K112;KBS Informatik;23.10.17;14:30;15:15;0;L;;;;;;;;BM1_WI16A;;zibe
TH4;Turnhalle 4;23.10.17;14:30;15:15;0;L;;;;;;;;KVE17A;;seni
K101;K101;23.10.17;14:30;15:15;0;L;;;;;;;;BM1_WI16B;;hach
K203;K203 (kbs);23.10.17;14:30;15:15;0;L;;;;;;;;KVE16B;;fisi
K201;K201;23.10.17;14:30;15:15;0;L;;;;;;;;KVE16A;;romi
K314;K314;23.10.17;14:30;15:15;0;L;;;;;;;;ABRK-LM-NM;;frhe
K103;K103 (kbs);23.10.17;14:30;15:15;0;L;;;;;;;;DHF2;;amdi
K214;K214;23.10.17;14:30;15:15;0;L;;;;;;;;DHF3;;baga
G404;G404;23.10.17;14:30;15:15;0;L;;;;;;;;GLAS17A, HUF17A;;buch
B023;B023;23.10.17;14:30;15:15;0;L;;;;;;;;FAGE17E;;mede
BU134;BU134;23.10.17;14:30;15:15;0;L;;;;;;;;FAGE16C;;kusa
B015;B015;23.10.17;14:30;15:15;0;L;;;;;;;;FAGE17A;;baha
G302;302 [Lukas Schreiber];23.10.17;14:30;15:15;0;L;;;;;;;;ALF15A;;scjo
GE01;GE01;23.10.17;14:30;15:15;0;L;;;;;;;;FOEV15A;;firo
G304;G304 BBZ im Bifang;23.10.17;14:30;15:15;0;L;;;;;;;;ALF17A;;bocr
G405;405 [Christoph Ambühl];23.10.17;14:30;15:15;0;L;;;;;;;;AO17C;;zesi
BU110;BU110;23.10.17;14:30;15:15;0;L;;;;;;;;AGS16A;;sefe
G211;211 [Daniel Zenger];23.10.17;14:30;15:15;0;L;;;;;;;;LOG16A, LOG16B, LOG16C, LOG16D, LOG16E;;huer
GE07;GE07 EBZ im Bifang;23.10.17;14:30;15:15;0;L;;;;;;;;FAGENHB17A;;kuin
GE18;GE18;23.10.17;14:30;15:15;0;L;;;;;;;;CBP17A;;huswi
GE10;GE10 EBZ im Bifang;23.10.17;14:30;15:15;0;L;;;;;;;;FAGENHB17B;;rihe
K018;K018 KBS;23.10.17;14:30;15:15;0;L;;;;;;;;DHFNHB17A;;buma
G151;151 [Brändli Andreas];23.10.17;14:30;15:15;0;L;;;;;;;;MA16A;;bran
BU139;BU139;23.10.17;14:30;15:15;0;L;;;;;;;;DA17A;;magi
G113;G113;23.10.17;14:30;15:15;0;L;;;;;;;;GLAS16A;;mama
GE14;E14 [Benjamin Hofer];23.10.17;14:30;15:15;0;L;;;;;;;;COIFDIK_17;;boes
K303;K303 (kbs kleiner Raum);23.10.17;14:30;15:15;10470;A;B;acsa;;;04.09.17;01.12.17;w;;Intern;stsa
TH2;Turnhalle 2;23.10.17;14:30;15:15;0;L;;;;;;;;HWP17C;;blfa
K03;KBS Informatik;23.10.17;14:30;15:30;10851;A;B;nelu;;;23.10.17;29.10.17;w;AO17A;Unterricht;nelu
K01;K01;23.10.17;14:30;16:20;10955;A;B;nelu;;;23.10.17;29.10.17;w;AO17A;Unterricht;nelu
B029;B029;23.10.17;14:50;15:40;0;L;;;;;;;;HFS17A;;Egger Iris
B002;B002;23.10.17;14:50;15:40;0;L;;;;;;;;HFP17A;;krni
B021;B021;23.10.17;14:50;15:40;0;L;;;;;;;;HFS17B;;weer
B030;B030;23.10.17;14:50;15:40;0;L;;;;;;;;HFP17B;;Tov Eva
BU133LTT;BU133LTT kleines Schulzimmer;23.10.17;14:50;15:40;0;L;;;;;;;;LTTP;;gaka
GE25;E25 [BVJ];23.10.17;15:35;16:20;0;L;;;;;;;;BVJ17B;;kuhr
GE23;E23 [BVJ];23.10.17;15:35;16:20;0;L;;;;;;;;BVJ17C;;mopr
GE21;E21 [Bellabarba Claudio];23.10.17;15:35;16:20;0;L;;;;;;;;BVJ17A;;becl
GE27;E27 [Sylvia Sollberger];23.10.17;15:35;16:20;0;L;;;;;;;;BVJ17D;;sosy
G102;G102 BBZ im Bifang;23.10.17;15:35;16:20;0;L;;;;;;;;AO17B;;schjo
GE01;GE01;23.10.17;15:35;16:20;0;L;;;;;;;;FOEV16C;;firo
TH2;Turnhalle 2;23.10.17;15:35;16:20;0;L;;;;;;;;GEREEBA17A;;stfe
TH1;Turnhalle 1;23.10.17;15:35;16:20;0;L;;;;;;;;LOGEBA17C;;blfa
TH3;Turnhalle 3;23.10.17;15:35;16:20;0;L;;;;;;;;ZFA17A;;bupa
G157;157 [Thomas Kuhn];23.10.17;15:35;16:20;0;L;;;;;;;;GERE16B;;fest
G405;405 [Christoph Ambühl];23.10.17;15:35;16:20;0;L;;;;;;;;FOEV16A;;zesi
G407;407 [Roland Nebel];23.10.17;15:35;16:20;0;L;;;;;;;;ALF15B;;laech
GE02;GE02;23.10.17;15:35;16:20;0;L;;;;;;;;AO17A;;nelu
G212;212 [Marcel Egger];23.10.17;15:35;16:20;0;L;;;;;;;;AUMA14A;;egma
G214;G214 [Philipp Reber];23.10.17;15:35;16:20;0;L;;;;;;;;GERE17A;;reph
G412;412 [IJ-BV];23.10.17;15:35;16:20;0;L;;;;;;;;IJBV17A;;jumo
G310;G310;23.10.17;15:35;16:20;0;L;;;;;;;;BM2_GS17B;;mehe
G503;503 [Zeichnen];23.10.17;15:35;16:20;0;L;;;;;;;;ZFI17A;;muhj
G205;G205;23.10.17;15:35;16:20;0;L;;;;;;;;BM2_GS17A;;mema
G202;202 [Ilg Markus];23.10.17;15:35;16:20;0;L;;;;;;;;LOGEBA17B;;scbe
G159;G159;23.10.17;15:35;16:20;0;L;;;;;;;;HUF16A;;hari
G109;G109 GIBS im Bifang;23.10.17;15:35;16:20;0;L;;;;;;;;IJBV17B;;vota
G109;G109 GIBS im Bifang;23.10.17;15:35;16:20;0;L;;;;;;;;IJBV17B;;zare
G411;411 [Bauberufe];23.10.17;15:35;16:20;0;L;;;;;;;;FOEV15A;;roma
BU137;BU137;23.10.17;15:35;16:20;0;L;;;;;;;;FAGE16D;;toer
B016;B016;23.10.17;15:35;16:20;0;L;;;;;;;;FAGE17B;;arma
B122;B122;23.10.17;15:35;16:20;0;L;;;;;;;;FMSA;;zico
G204;204 [Markus Lüscher];23.10.17;15:35;16:20;0;L;;;;;;;;LOG17D;;webe
B123;B123;23.10.17;15:35;16:20;0;L;;;;;;;;FABEB17A;;faur
B206;B206;23.10.17;15:35;16:20;0;L;;;;;;;;FABEK17A;;macl
B026;B026;23.10.17;15:35;16:20;0;L;;;;;;;;FMG;;voan
K210;K210 KBS;23.10.17;15:35;16:20;0;L;;;;;;;;KVE17B;;fama
K208;K 208 KBS;23.10.17;15:35;16:20;0;L;;;;;;;;BM2_DL17A;;puco
K213;K213 (kbs);23.10.17;15:35;16:20;0;L;;;;;;;;BM2_WI17A;;wead
K108;K108;23.10.17;15:35;16:20;0;L;;;;;;;;KVE16A;;hasi
K016;K016 KBS;23.10.17;15:35;16:20;0;L;;;;;;;;KVE16B;;hech
K112;KBS Informatik;23.10.17;15:35;16:20;0;L;;;;;;;;BM1_WI16A;;zibe
TH4;Turnhalle 4;23.10.17;15:35;16:20;0;L;;;;;;;;KVE17A;;seni
K101;K101;23.10.17;15:35;16:20;0;L;;;;;;;;BM1_WI16B;;hach
K203;K203 (kbs);23.10.17;15:35;16:20;0;L;;;;;;;;KVE15A;;fisi
K201;K201;23.10.17;15:35;16:20;0;L;;;;;;;;KVB16A;;romi
K314;K314;23.10.17;15:35;16:20;0;L;;;;;;;;ABRK-LM-NM;;frhe
K103;K103 (kbs);23.10.17;15:35;16:20;0;L;;;;;;;;DHF3;;amdi
K313;K313 (kbs);23.10.17;15:35;16:20;0;L;;;;;;;;DHF2;;hian
G404;G404;23.10.17;15:35;16:20;0;L;;;;;;;;GLAS17A, HUF17A;;buch
B023;B023;23.10.17;15:35;16:20;0;L;;;;;;;;FAGE17E;;mede
BU134;BU134;23.10.17;15:35;16:20;0;L;;;;;;;;FAGE16C;;kusa
B015;B015;23.10.17;15:35;16:20;0;L;;;;;;;;FAGE17A;;baha
BU140;BU140;23.10.17;15:35;16:20;0;L;;;;;;;;DA15A;;stma
G302;302 [Lukas Schreiber];23.10.17;15:35;16:20;0;L;;;;;;;;ALF15A;;scjo
G151;151 [Brändli Andreas];23.10.17;15:35;16:20;0;L;;;;;;;;MA16A;;bran
G304;G304 BBZ im Bifang;23.10.17;15:35;16:20;0;L;;;;;;;;ALF17A;;bocr
BU110;BU110;23.10.17;15:35;16:20;0;L;;;;;;;;AGS16A;;sefe
G211;211 [Daniel Zenger];23.10.17;15:35;16:20;0;L;;;;;;;;LOG16A, LOG16B, LOG16C, LOG16D, LOG16E;;huer
GE18;GE18;23.10.17;15:35;16:20;0;L;;;;;;;;CBP17A;;huswi
BU139;BU139;23.10.17;15:35;16:20;0;L;;;;;;;;DA17A;;magi
G113;G113;23.10.17;15:35;16:20;0;L;;;;;;;;GLAS16A;;mama
GE14;E14 [Benjamin Hofer];23.10.17;15:35;16:20;0;L;;;;;;;;COIFDIK_17;;boes
K018;K018 KBS;23.10.17;15:35;16:20;0;L;;;;;;;;DHFNHB17A;;buma
GE30/32;E30/32 [Theo/Küche];23.10.17;15:35;16:20;0;L;;;;;;;;HWP17C;;mumo
K114;KBS Informatik;23.10.17;15:35;18:00;10787;A;B;zesi;;;23.10.17;29.10.17;w;FOEV16A;Unterricht;zesi
B029;B029;23.10.17;15:50;16:40;0;L;;;;;;;;HFS17A;;Egger Iris
B002;B002;23.10.17;15:50;16:40;0;L;;;;;;;;HFP17A;;krni
B021;B021;23.10.17;15:50;16:40;0;L;;;;;;;;HFS17B;;weer
B030;B030;23.10.17;15:50;16:40;0;L;;;;;;;;HFP17B;;Tov Eva
BU133LTT;BU133LTT kleines Schulzimmer;23.10.17;15:50;16:40;0;L;;;;;;;;LTTP;;gaka
G209;G209;23.10.17;16:21;17:10;10641;A;B;scbe;;;23.10.17;29.10.17;w;LOGEBA17B;Unterricht;scbe
G503;503 [Zeichnen];23.10.17;16:25;17:10;0;L;;;;;;;;VWB G;;muhj
G202;202 [Ilg Markus];23.10.17;16:25;17:10;0;L;;;;;;;;LOGEBA17B;;cesi
G302;302 [Lukas Schreiber];23.10.17;16:25;17:10;0;L;;;;;;;;ALF15A;;scjo
TH3;Turnhalle 3;23.10.17;16:25;17:10;0;L;;;;;;;;ZFA17A;;bupa
G157;157 [Thomas Kuhn];23.10.17;16:25;17:10;0;L;;;;;;;;GERE16B;;fest
G214;G214 [Philipp Reber];23.10.17;16:25;17:10;0;L;;;;;;;;GERE17A;;reph
GE02;GE02;23.10.17;16:25;17:10;0;L;;;;;;;;AO17A;;nelu
G405;405 [Christoph Ambühl];23.10.17;16:25;17:10;0;L;;;;;;;;FOEV16A;;zesi
G159;G159;23.10.17;16:25;17:10;0;L;;;;;;;;HUF16A;;hari
GU79;Turnhalle 5;23.10.17;16:25;17:10;0;L;;;;;;;;FOEV15A;;stfe
G204;204 [Markus Lüscher];23.10.17;16:25;17:10;0;L;;;;;;;;LOG17D;;webe
K210;K210 KBS;23.10.17;16:25;17:10;0;L;;;;;;;;KVE17B;;fama
K108;K108;23.10.17;16:25;17:10;0;L;;;;;;;;KVE16A;;hasi
K016;K016 KBS;23.10.17;16:25;17:10;0;L;;;;;;;;KVE16B;;hech
K203;K203 (kbs);23.10.17;16:25;17:10;0;L;;;;;;;;KVE15A;;fisi
TH1;Turnhalle 1;23.10.17;16:25;17:10;0;L;;;;;;;;DA17A;;roma
TH2;Turnhalle 2;23.10.17;16:25;17:10;0;L;;;;;;;;FABEB17A;;blfa
TH4;Turnhalle 4;23.10.17;16:25;17:10;0;L;;;;;;;;BM1_WI16A;;gulu
K201;K201;23.10.17;16:25;17:10;0;L;;;;;;;;KVB16A;;romi
K314;K314;23.10.17;16:25;17:10;0;L;;;;;;;;ABRK-LM-NM;;frhe
K103;K103 (kbs);23.10.17;16:25;17:10;0;L;;;;;;;;DHF3;;amdi
K313;K313 (kbs);23.10.17;16:25;17:10;0;L;;;;;;;;DHF2;;hian
G404;G404;23.10.17;16:25;17:10;0;L;;;;;;;;GLAS17A, HUF17A;;buch
BU134;BU134;23.10.17;16:25;17:10;0;L;;;;;;;;FAGE16C;;kusa
BU140;BU140;23.10.17;16:25;17:10;0;L;;;;;;;;DA15A;;stma
GE01;GE01;23.10.17;16:25;17:10;0;L;;;;;;;;FOEV16C;;firo
G151;151 [Brändli Andreas];23.10.17;16:25;17:10;0;L;;;;;;;;MA16A;;bran
G304;G304 BBZ im Bifang;23.10.17;16:25;17:10;0;L;;;;;;;;ALF17A;;bocr
G211;211 [Daniel Zenger];23.10.17;16:25;17:10;0;L;;;;;;;;LOG16A, LOG16B, LOG16C, LOG16D, LOG16E;;huer
G113;G113;23.10.17;16:25;17:10;0;L;;;;;;;;GLAS16A;;mama
GE14;E14 [Benjamin Hofer];23.10.17;16:25;17:10;0;L;;;;;;;;COIFDIK_17;;boes
G202;202 [Ilg Markus];23.10.17;16:25;17:10;0;L;;;;;;;;LOGEBA17B;;scbe
K018;K018 KBS;23.10.17;16:25;17:10;0;L;;;;;;;;DHFNHB17A;;buma
K03;KBS Informatik;23.10.17;16:25;17:10;10852;A;B;nelu;;;23.10.17;29.10.17;w;AO17A;Unterricht;nelu
GE25;E25 [BVJ];23.10.17;16:25;17:10;0;L;;;;;;;;FKLSA1A;;kuhr
GE25;E25 [BVJ];23.10.17;16:25;17:10;0;L;;;;;;;;FKLSA1A;;jumo
K101;K101;23.10.17;16:30;17:30;9984;A;B;acsa;;;28.08.17;29.01.18;w;DHF16A;Intern;hach
G503;503 [Zeichnen];23.10.17;17:15;18:00;0;L;;;;;;;;VWB G;;muhj
G405;405 [Christoph Ambühl];23.10.17;17:15;18:00;0;L;;;;;;;;FOEV16A;;zesi
G159;G159;23.10.17;17:15;18:00;0;L;;;;;;;;HUF16A;;hari
TH1;Turnhalle 1;23.10.17;17:15;18:00;0;L;;;;;;;;DA17A;;roma
TH2;Turnhalle 2;23.10.17;17:15;18:00;0;L;;;;;;;;FABEB17A;;blfa
TH4;Turnhalle 4;23.10.17;17:15;18:00;0;L;;;;;;;;BM1_WI16A;;gulu
GE01;GE01;23.10.17;17:15;18:00;0;L;;;;;;;;FOEV16C;;firo
G113;G113;23.10.17;17:15;18:00;0;L;;;;;;;;GLAS16A;;mama
K311;K311;23.10.17;17:15;18:00;0;L;;;;;;;;DELFB2_1A;;kood
K201;K201;23.10.17;17:15;18:00;0;L;;;;;;;;SBRW16A;;trbr
GE07;GE07 EBZ im Bifang;23.10.17;17:15;18:00;0;L;;;;;;;;E_FN1_17;;woes
GE25;E25 [BVJ];23.10.17;17:15;18:00;0;L;;;;;;;;FKLSA1A;;kuhr
GE25;E25 [BVJ];23.10.17;17:15;18:00;0;L;;;;;;;;FKLSA1A;;jumo
G503;503 [Zeichnen];23.10.17;18:05;18:50;0;L;;;;;;;;VWB G;;muhj
G211;211 [Daniel Zenger];23.10.17;18:05;18:50;0;L;;;;;;;;LOGNHB16A;;webe
G204;204 [Markus Lüscher];23.10.17;18:05;18:50;0;L;;;;;;;;LOGNHB17A;;luma
G202;202 [Ilg Markus];23.10.17;18:05;18:50;0;L;;;;;;;;LOGNHB17B;;xhav
GE11;GE11 EBZ im Bifang;23.10.17;18:05;18:50;0;L;;;;;;;;BMVK17A;;vakr
K108;K108;23.10.17;18:05;18:50;0;L;;;;;;;;DELFB1_1A;;hasi
K311;K311;23.10.17;18:05;18:50;0;L;;;;;;;;DELFB2_1A;;kood
K201;K201;23.10.17;18:05;18:50;0;L;;;;;;;;SBRW16A;;trbr
GE07;GE07 EBZ im Bifang;23.10.17;18:05;18:50;0;L;;;;;;;;E_FN1_17;;woes
GE25;E25 [BVJ];23.10.17;18:05;18:50;0;L;;;;;;;;FKLSA1A;;kuhr
GE25;E25 [BVJ];23.10.17;18:05;18:50;0;L;;;;;;;;FKLSA1A;;jumo
G211;211 [Daniel Zenger];23.10.17;18:55;19:40;0;L;;;;;;;;LOGNHB16A;;webe
G204;204 [Markus Lüscher];23.10.17;18:55;19:40;0;L;;;;;;;;LOGNHB17A;;luma
G202;202 [Ilg Markus];23.10.17;18:55;19:40;0;L;;;;;;;;LOGNHB17B;;xhav
GE11;GE11 EBZ im Bifang;23.10.17;18:55;19:40;0;L;;;;;;;;BMVK17A;;vakr
K108;K108;23.10.17;18:55;19:40;0;L;;;;;;;;DELFB1_1A;;hasi
K311;K311;23.10.17;18:55;19:40;0;L;;;;;;;;DELFB2_1A;;kood
K201;K201;23.10.17;18:55;19:40;0;L;;;;;;;;SBRW16A;;trbr
Aula GIBS;Aula GIBS;23.10.17;19:00;21:00;10767;A;B;gesu;;;23.10.17;29.10.17;w;;Extern;
GE10;GE10 EBZ im Bifang;23.10.17;19:00;21:00;10811;A;B;fuma;;;23.10.17;29.10.17;w;;Intern;
G211;211 [Daniel Zenger];23.10.17;19:45;20:30;0;L;;;;;;;;LOGNHB16A;;webe
G204;204 [Markus Lüscher];23.10.17;19:45;20:30;0;L;;;;;;;;LOGNHB17A;;luma
G202;202 [Ilg Markus];23.10.17;19:45;20:30;0;L;;;;;;;;LOGNHB17B;;xhav
K201;K201;23.10.17;19:45;20:30;0;L;;;;;;;;SBRW16A;;trbr
G211;211 [Daniel Zenger];23.10.17;20:35;21:20;0;L;;;;;;;;LOGNHB16A;;webe
G204;204 [Markus Lüscher];23.10.17;20:35;21:20;0;L;;;;;;;;LOGNHB17A;;luma
G202;202 [Ilg Markus];23.10.17;20:35;21:20;0;L;;;;;;;;LOGNHB17B;;xhav
K201;K201;23.10.17;20:35;21:20;0;L;;;;;;;;SBRW16A;;trbr